learning_rate,num_steps,batch_size,lambd,val_dropout,cross_len,num_encode_1,n_code,MSE
0.001,500,10,0.2,0.85,4,250,5,0.016162304473774772
0.0001,500,10,0.2,0.85,4,250,5,0.021196257855210985
0.0005,500,10,0.2,0.85,4,250,5,0.020010341491018022
0.0008,5000,10,0.2,0.85,4,250,5,0.012929522565432956
